1lbPoisonBarrel_2aa104d4-c8db-d603-e245-20e15d422757.pak,3646
All_the_maps_09fd9b8b-613f-4e44-aa78-5553d5a69e43.pak,118097243
AnimationsPlus_326b8784-edd7-4950-86d8-fcae9f5c457c.pak,3407653
ArmorProgressionVariety_b88cca34-574b-441e-8178-f4c8af19ee63.pak,7701
ArthuriasTower_f144e835-21ff-48f7-84cc-5ea8b849a91b_43877e85-d1d4-180f-75ac-84066f255e8d.pak,98110366
Ashbringer_df01320b-0232-428a-b730-7bdc32079637.pak,336063126
Assasins_headquarters_8a5aac9f-7af5-4e46-8488-69005e07b338_1336cc0e-c28f-b5af-4d83-ab2a4ab440b5.pak,8323761
ATLAS-Castle_6f6104ce-d0a1-4a13-b361-b613924f113a_6f6104ce-d0a1-4a13-b361-b613924f113a.pak,473901094
ATLAS_7a2f77f8-97ff-4c95-b302-99f615c534e9_7a2f77f8-97ff-4c95-b302-99f615c534e9.pak,24444632
Atlas_Village_1bae28cf-17bd-418b-959f-62e296a36b9c_1bae28cf-17bd-418b-959f-62e296a36b9c.pak,16434538
AutoIdentify_e7768eed-e5ad-3415-e825-ca6fdef9844f.pak,7625317
Barn_b368a21d-528e-421c-b76d-0cdb047ca1e3.pak,10343884
Barricaded_way_in_the_forest_abf104ab-cbcc-4a6d-bd06-27ed553f2199_213c2008-b776-1eb8-cd33-0f2e3bdbf2b9.pak,13102371
BarteringTweaks_27db95b3-6850-48c5-baec-3a1f2df9a825.pak,198512
Beach_dfdef5e1-ba5c-4df0-a8da-f708822e2ea1.pak,2841461
BedRoll_Source_Restore.pak,4807
BladesOfTyrangar_bdf5bfaa-3cd9-47d9-8596-46a2f8df5c93.pak,72679399
Blankdesertslate_33aa7f94-db6c-42e5-b082-ffb595ba43e9.pak,479661001
BlankMapsDifferentSizes_6a7a4ab9-d33b-4d48-b53d-b64516586b71.pak,34744437
BlueWaterInn_cb509381-3ceb-4663-a1eb-434942469e68_cb509381-3ceb-4663-a1eb-434942469e68.pak,67082962
BootyIsland_37d3562b-c7ac-4ac1-ac2e-e8c39b961796.pak,35422367
Brookcity_b6251440-44aa-45a3-9e21-4c886606a585_bed74718-6cf6-a8b5-44e0-4bbe7ce74971.pak,104900728
B_Creature_11c06227-0688-47fe-a726-6437864b7db4.pak,12868537
CedCed_Bar_and_Tavern_ab29250a-16c3-4103-ae2e-cc6acf654b6a.pak,47291826
Cedced_Horror_Maps_b781eb99-8920-4ff2-ada1-7af6077aaa14.pak,81339858
CedCed_Temple_Desert_c4ad8dda-3f22-31ac-831a-b54c8fe513a4.pak,128130275
Christmax_Fest_c508038e-0ec0-4b19-c0ba-ac8990e9a909.pak,11682306
ChroniclesGM_4d7f9b9d-9408-5129-e2bf-3742672bef94.pak,207489886
Chronicles_Shared_291f5ccf-6425-491c-8bd7-5a9d6f60b6cf.pak,1074233285
Chronicles_Shared_291f5ccf-6425-491c-8bd7-5a9d6f60b6cf_1.pak,29429952
Chronomancer_244a4c62-4587-f828-4732-c106db4ec980.pak,7220346
City_Harbor_7cd15fa0-7e63-422c-b53d-d9c192eb57bf.pak,61351977
CombinedIconAtlases_ba1c5d97-0948-4758-ac94-beebe49c7a8a.pak,7319260
Courtyard_e03cbbaf-00d4-4f62-a609-c4d528f82102.pak,11364325
covita_82403d48-1302-4cc6-bdea-9acfbd333095.pak,13303092
Crafting_Overhaul_6aaa43a9-3a72-e82e-a6f6-8c367fd82117.pak,34619293
Cragmaw_Hideout_35f98aee-6921-45c2-a4df-dbf73d812ff7_8a58b064-551f-4502-232a-541334b2f146.pak,6234674
DarkLordDungeon_99006d95-8f02-4350-a0d4-ac105cd6d507.pak,6635653
DeadFields_eb84bbf4-e8e2-0055-9f07-f2b5ad7bfdf0.pak,27672049
DemiMajoraNPC_e220fb84-cece-4a79-9a2f-ba204a3f05e7.pak,1957814
DemiTiq_65cc19f8-3dda-4022-a20c-ba1b8d93eb4e.pak,5834909
DemiurgusActors_e4e1b5f0-3e04-4a7a-bb2d-67fecc5a5f11.pak,1979201
Demi_Lost_Levels_a0bcf8ec-fa02-a6c1-9b02-ff664a3d03ca.pak,1082609058
Demi_Lost_Levels_a0bcf8ec-fa02-a6c1-9b02-ff664a3d03ca_1.pak,1074819328
Demi_Lost_Levels_a0bcf8ec-fa02-a6c1-9b02-ff664a3d03ca_2.pak,40329408
DieInsel_83a0ef22-5737-9a50-f2fb-fc45934ae0c9.pak,20500060
DomainedesMorts_19905bf3-b073-f4a4-7402-4ab0b7e7c3c0.pak,20355270
Duelist_97cdb2d6-ed78-4560-8181-6573c003668c.pak,9543548
DunasBane_82ce48a6-fdbc-b5c3-f0a9-f1fd260babda.pak,4973536
Dungeons_868e76df-7357-4fad-bab8-a373826c7c7d.pak,599525718
dwarven_kingdom_28222a64-fe78-48aa-96a0-c5a35277e649.pak,21755525
Eisfortress_bfd551d9-fa66-f3db-53d6-1f3f7d23c4bb.pak,24263392
Elemental_Evil_2bdef10e-6475-4999-bff0-54c84ae7d61d_9e872b7f-9cba-19c6-70a1-14c184384e13.pak,12723456
Elf_Lands_f2a0fb06-d6e8-4010-ab26-0ec83418d2b9.pak,4594526
Elmo_BeachLanding_870d4983-1729-2281-f334-d63672192057.pak,20882913
ElvenMode_e2b14b44-35ee-4ebe-65ba-5120b62f55fc.pak,170251771
EndlessRoad_1aad56ec-27ec-0d72-a3f6-10622b4bc26a.pak,9713531
Essaie_028ddf7c-e12e-4e6a-b6cf-2136cc681785.pak,1768679
Fall_of_the_immortals_ab55975f-b466-472c-ad4b-2af940ec9853.pak,44059268
FirstTest_fbbb3682-29b4-48b4-afe9-788b3bf84eda.pak,50238112
ForestCivilization_4cee77a0-56e8-4877-91bc-902bf13d080f.pak,19926444
ForestedMaps_bcb0874a-34f9-462c-9e01-512d936e388f.pak,11614627
FortJoyRespec_de83510f-5607-4952-844c-647ca5347e7b.pak,2290067
Fort_Joy_Respec_DE_6bf7e947-9145-43d1-a3aa-6a4e2f94c14c.pak,9301305
FourRelicsGM_fea0897c-08bd-4f5d-875d-d67aebdc046a.pak,1657731
FreeBlessDE.pak,2663
Geopolis_9df3ed0a-b00e-4869-865b-7628e348ab89.pak,21317303
Glossop_849d2d7c-107e-5118-755e-8e1c61a46368.pak,11677259
GMAddon1_025b3f7a-f038-da30-9d26-ff9260692c4f.pak,109529743
GMaps_d4c003b6-6b3e-4cfc-a39f-ae18cc7e4b9a_d4c003b6-6b3e-4cfc-a39f-ae18cc7e4b9a.pak,239436158
GMArenaMapsDefinitive_cdff40c3-b7ff-4add-9abd-5215d1bd83ee.pak,9218
GMFortJoyCampaignMapDefinitive_5ab020c4-a6e1-43a0-a71f-4b578de673a1.pak,1672
GMTheArenaoftheOneCampaignMapDefinitive_0285f73d-5c81-4f58-b2a9-06c8dbdc88c1.pak,1684
GMTheHighSeasCampaignMapDefinitive_3a9bbb09-a0c7-4ae7-ae47-5d0ec55e8be6.pak,1675
GM_Map_ab02db8c-f4a9-0a5a-fc72-39f11e56e17e.pak,46650583
Gogots-MAPS_e206d53d-513c-3148-363f-b4848daf325f.pak,101219027
GoodChemistry_1306e6f7-2d41-44d9-9d29-e85f59f24ecb.pak,1475
GreedMod_fa6acea7-9fd1-4ba7-9a8b-9f1566b8195a_d1ba8097-dba1-d74b-7efe-8fca3ef71fe5.pak,8485073
Helaene_Cryomancer_958ef674-66ec-d208-1112-5c62ffbba16b.pak,11197288
Helaene_Shared_25469b00-aa46-470d-aa76-f6c3ece35e17.pak,11059983
Helaene_Trickster_ca9ff65f-b16d-690a-22c5-6c3c31d8e597.pak,9362416
Helaene_Vampire_ba43959a-490b-0846-6630-56a90568b651.pak,10260204
Helaene_Wyldfae_Class_260d1263-4650-51f8-38dc-614f6c9536ed.pak,11863016
HjalmarLevels_79d8da06-e313-484c-b250-37a77e58447b.pak,12822750
Hohenlohn_f4002f96-446f-2ff0-901d-dbb4396ead2b.pak,56915882
Honhenheim_Cimetery_f9b65796-97fb-4392-8a03-28e29157f0da.pak,4502969
Honhenheim_Forgefer_3064eca8-4717-4d1d-b5b1-522b85bec458.pak,3600034
Honhenheim_New_Tristram_265185d5-ae20-4f2a-9c9a-0476a7225b5e.pak,3879005
Honhenheim_Witch_House_e13ed84c-8e76-48c4-b404-920d70b4d421.pak,4976436
Huge_Generic_Worlds_eab00254-1276-33c3-dfd1-abb13d6b158b.pak,137273318
ImprovedCharm_ab98f8e0-78d4-472a-bb18-d7198507f37e.pak,6450
ImprovedGwydianRince_23007beb-a1cf-48b3-a6e5-e361a0228c07.pak,5406
Increased_Memory_d6140eee-df2c-b450-17f2-eb9a5e08a699.pak,1028
InfiniteSpiritVision_54c86ae0-ebac-4dd8-bd90-e84189244286.pak,2478
InfiniteSpiritVision_a6f67296-a78a-4b54-bdfe-d7fdf53f438f_a6f67296-a78a-4b54-bdfe-d7fdf53f438f.pak,2606
invisible_character_GM_8f30a685-ebc4-4ce3-b17e-ff90e3556f09.pak,3323300
Kardrazum_7bb0c006-7b9a-46e1-bc74-7cc2638c77d1.pak,81083540
ksp_bundle_0_8325ef65-9a8d-43d6-9815-734a6708ba32.pak,13650387
ksp_campaign_salem_1e42c26b-ffa0-4c14-b8a9-c230f8a428e8.pak,86777716
LadiesBog_2710a5a5-05c6-d59a-e959-98232c79e72a.pak,9986554
LadiesBog_c92b23d8-108c-476f-b50c-ae3ba98a7b2e_c92b23d8-108c-476f-b50c-ae3ba98a7b2e.pak,10263499
LadyC_FreePetPal_c0eeeddf-6be7-4b61-9a68-0b2c82d1887f.pak,921865
LadyC_LevelUpAllEquipment_1cb69965-4b7a-4b00-a447-044b3546ccb1_7f897ce0-350a-c464-17e0-8c6a6a0b973e.pak,8371808
LadyC_MoreCharacterColors_dcdfeaf4-8f2d-4aca-80ab-5aa70747d2b2_db07c22c-8935-3848-2366-7827b70c6030.pak,87820
LadyC_RevivePets_1900e671-bb23-4ccd-b7bb-5e18a8628026.pak,9258058
LakeAndHouse_10b8fdad-3942-48a0-964d-6230123f5cf8.pak,27425736
LetThereBeTooltips_c03acb8a-03b9-4c79-84ff-3784e97774da.pak,535931
LEVELS4GM_a0954a2c-b0ad-4ca9-b2e5-9d2a85e42c33.pak,26413123
LordOfTheRings1_b91e0946-b20c-8744-934d-1b47553e7fba.pak,48736149
lx_enhanced_divine_combat_3ff156e2-289e-4dac-81f5-a44e3e304163.pak,4472475
MAJORAS_AVP_DE_15a0cb79-fa41-4bcd-bdcf-21bb04734048.pak,4582794
MAJORAS_CCP_DE_627f624f-e2b8-4b37-977e-03044e500fec.pak,108174984
MAJORAS_PFS_2dd896dc-28eb-443e-8405-0d339375d2c8.pak,626356486
Mapascampana_c497d793-499c-4969-a58b-2477356fe5d5.pak,20847619
Map_baa2c404-95b6-4bb4-8f6b-573fab12b7f7.pak,11653682
MauditeForet_34089b2e-d6c7-fdd0-14c2-04c3b977483c.pak,31215000
merchant_clintmich_7a64df0e-9466-4808-b5fd-9515a4ca4283.pak,39899203
mike_1e81e694-32fe-647b-510c-31a46c53c13f.pak,202817596
mine_entrance_2dcaf14f-d6a0-4ba3-844c-ec6bbcf7617f.pak,15724884
Misand_Rift_bb39ac49-0eff-4a57-9d87-744fb66464a8_3953f41e-17d6-aa6b-568a-21d61fac9676.pak,12494434
MonkClass_bbb3d2bd-37a7-49aa-ba97-93a574dd0f29_bbb3d2bd-37a7-49aa-ba97-93a574dd0f29.pak,1880400
montycarlo_e8e27b75-99be-4660-95af-000674916127.pak,1546063
Mountainpath_6c38cfe3-9ae4-4497-b518-24df273dcc4d.pak,9388544
mountain_village_e81c70e3-f57f-43bc-b2ce-8942dd0dea0c.pak,26143988
MountMandalore02_37863268-fe57-4621-9798-71928d8797b9.pak,8021991
Mysticslvl1map_a8281283-aba5-4cce-b726-0a7173ff7d08.pak,46697142
Mystics_JungleVillage_a4e65ccc-eb36-4982-98a0-ce95f5ea6a86.pak,9240861
Mystics_Maze_0fb2f9fc-2e39-4851-86db-92fac8ef4ac7.pak,12538055
Mystics_SandyBeach_ea21a405-3bd0-4ea1-8e1e-f35f086ed928.pak,7546665
Necromancy_Rebalanced_DE_2943a1f9-2742-1561-1237-56a327e5aef6.pak,2213256
npc_control_tools_a5199831-37dc-44d0-aad0-cefb48044eb3.pak,3232822
Oakum_2e9f6b46-944b-440e-85bb-845166d7c294.pak,63844131
OdinbladeAerotheurgeOverhaul_961ae59d-2964-46dd-9762-073697915dc2.pak,5042369
OdinbladeGeomancerOverhaul_ffb501cc-ab6d-46de-be89-732c9e289f3e.pak,7915755
OdinbladeHydrosophist_21c6b7c4-ce7d-48fb-8265-5504211bb8df_02ca48b9-e4ef-a8e4-91d7-0b9df70bb595.pak,10279282
OdinbladePyromancer_f39a389a-3c2c-4efc-80a0-7af829071c63_aab53301-4f38-1d49-91f7-28dfa468084b.pak,6079171
OdinbladeShadowstepClass_465f4a48-941e-4bd9-8437-e120c1f32356_c22c52be-7a44-1f58-f058-3b359421db05.pak,12714467
OdinbladeSpectreClass_a8aa3beb-796b-4dce-b661-755a55ed23a7_e4a5c8ca-7f04-23ab-8115-18161eb702bf.pak,15780978
OdinCore_4bcb0f56-d4dd-4241-9285-0f5710913edb.pak,3977338
Okaum_79e43a73-065f-28a9-4906-852023f7eb56.pak,114845765
Omir_BossFight_test_a7b407c0-4760-4b23-8a84-60acf92cf00b.pak,10017691
OrganizedContainersDE_eb1dcaf0-5c53-47f8-a787-c4fca0f46fee.pak,9817740
OrssolsEastereggpack_f87d6f7e-210e-4498-bb2a-a6cbaf171953.pak,55985623
PartySizeEvolved_01888044-40fa-4250-8934-add840ac23b7.pak,1442659
Patch1_TDE.pak,301623278
Patch2.pak,543270443
PhlanCave_1f2bd17e-d955-4709-b75b-a574a8f08b9d.pak,3694484
pine_forest_e456fc8b-9c29-4c98-962f-94cce3386d74.pak,20548048
PIXIES_AND_OTHER_PESTS_05d45cbb-7da6-4ad8-537c-d64008d8355b.pak,11949163
PortableRespecMirror_FTJ_Definitive_2034f42a-b09b-4c02-846d-91c4c03fc423.pak,7634982
port_hideaway_afc765d5-49cc-48f2-a74e-9869f35a2eb3.pak,11664220
PotionsGiveEmptyBottles_DE_0562d788-e157-42c2-a5a7-932bbb20609f.pak,7650296
Project_Polymorph_f63df88b-57fc-46f2-bb0f-9c8394f91c2e.pak,80287828
Pyramid_Of_Shadows_Maps_Only_ed7e9234-b8ca-1a2c-b784-db5d7ffe29fe.pak,192616330
RandomElites_62aeb4c7-bfb8-49f0-b07b-e1074d5864e0.pak,9792153
RecipeUnlocker_aecafdcf-3362-0cd4-581d-d1e1626824a6.pak,10922
Redbrand_hideout_7c5c19b1-c191-44d9-9d17-dee68b1ae366_b46c23ce-3282-c753-a7a7-05f4feaf32aa.pak,5140889
RED_01_ISLE_01_ec2cfa66-7cac-5a69-dbb4-ad08cc0ca20b.pak,32534011
RED_BAD2_41973b07-3906-4eb6-8411-b8929a34a11e.pak,11102333
RED_BLANK_NPCs_af8ed742-c527-a94d-9b2c-2f5f2830b86d.pak,1093463
RED_CHILDEN_34d3281d-3130-39b4-fdab-66e3d80049fb.pak,909170
RED_CHILDEN_7a1e7c00-a43e-430d-9115-aa8afafb50ed_7a1e7c00-a43e-430d-9115-aa8afafb50ed.pak,795614
RED_DepCamp_0844eef8-60dd-d1f9-0e1d-aaec3704bddb.pak,52068530
RED_FOLLOWER_STATUS_ed194303-7326-4b1f-aeff-86bd4e17402e.pak,934787
RED_GHOSTS_7ebe46b7-38c3-f8ab-2d5b-4c4d4a11e688.pak,134770
RED_GIANTS_26f6d36d-fe00-461e-a85c-3c2d14683230.pak,1800284
RED_GM_LOBBY_d01b2de5-ed9a-44e1-1611-198c1ff579e2.pak,5187675
RED_GOBLINS_fe8a3b57-54e9-5bc8-3142-63dde8de3e93.pak,2136239
RED_GOBLIN_GULCH_6f247cd0-d92e-b389-d654-544921ef8a2f.pak,20293677
RED_HEUMTON_BARRACKS_96ed7be2-a677-c410-b096-3ad1700dbef3.pak,1907530
RED_NWN_42773909-7df8-4527-a9fc-820a8002af2b.pak,6991352
RED_SB_01_924ec308-2a76-a935-f36b-eb156b04b87e.pak,6922039
RED_SPLATVILLE_7f4d02f4-dae1-a99c-ba0f-3e7e15c9df71.pak,17592202
RED_WILDLIFE_e18f24ec-dd3e-4c80-a5f7-822639e2b285.pak,129140
RED_WILDLIFE_e757460b-467c-4f1b-b8fc-50adf1de37d1_e757460b-467c-4f1b-b8fc-50adf1de37d1.pak,1325661
RED__MIMMIC_58b4d365-5e3d-4f37-b4f1-743562471ca1.pak,16817
Rendal_Dye_for_Vanilla_bfe2fcda-e7ce-4fa3-ad8e-e7d4601d9e51.pak,8956
Rendal_ItemVisuals_4dfe4bfe-2f7c-772f-9ce9-a83052a39ad2.pak,1405624
Resourceful_b0e50f34-c5e3-46b8-bec3-6fa822bde7a4.pak,925058
Rest-urrect_ef2ebc20-7d81-4f17-a4b6-02070169385e.pak,9386498
RestingRestoresSource_3d5646b2-245a-4201-88be-d107c6a45f97.pak,7623850
RiverFort_0e66e460-a9ba-9863-b9da-0fa00b8c407b.pak,727159
Rome_Campaign_720d1f33-acfb-41d5-9148-88e4f2976f73.pak,11098535
Rotten_Beach_e1c95129-2c92-440d-bfdc-11195ee17fdf.pak,32289053
Ruined_tower_on_hill_72d79be3-436d-4602-a9f0-b96f290a9eb5_f76303ff-b939-06fd-8d78-2e8862688dfa.pak,12291121
ScalingMonsters_48c34f06-fae1-4431-96de-e9a0427cf23f.pak,7864754
SecretPrison_46bb1e04-7686-45c2-a04f-48cee6be63ab.pak,2947025
Shapeshifting_855b5b88-4e82-bafc-0009-d449358e93d9.pak,24611248
Smaller_Maps_3d2cd386-ac34-1a3d-c663-3ef417292b9c.pak,10638851
small_farm_a78b3b7a-2cd6-4f97-9ad6-0b06d910ee76.pak,23637699
Some_Cave_b216a759-a01f-81d0-5af4-0e21d042d975.pak,46097623
Some_Forest_Way_f9e183f1-cd97-8126-05b1-3f39cdac4541.pak,295737414
Staves_of_Magus_e33cbfcf-bf8d-474f-afbe-536bf431a82f.pak,8563
StoryTest_3b5442c9-7592-4b2d-9224-6923fbe40a30_3b5442c9-7592-4b2d-9224-6923fbe40a30.pak,18134004
Swinns_Mod_7c3ad8e1-cc47-4575-9eaa-720c93205798_7c3ad8e1-cc47-4575-9eaa-720c93205798.pak,52742418
TaverneduCoin_33cf0125-4000-2c24-2654-bae6c105a87b.pak,71244679
Test1_81d8d764-11b2-4473-bfaa-c2fe9cb98607.pak,53601040
testing1_a99c92bc-f8cb-a8cb-d21e-720eb94e367d.pak,104705380
TheContract_40633e65-e5c4-4507-88e8-9914d7902f63.pak,16525496
TheDarkManorMap_be9158b7-e259-8fa4-4b35-6823bf269f9c.pak,15535627
TheFrozenLake_ecb6d945-b383-4db7-a723-a835de0a94c3.pak,14983102
TheHideOnTheWalkingTree_f2f29e47-caca-40de-a144-13084de04868.pak,15643491
UniqueUniques_0704caa9-49c2-479e-9877-97da52fe12d2_23fd9162-a6c2-b4a7-9400-013b6ed3a0ac.pak,1720794
VileriansPlaceablesA_c3a3a2d2-32ad-4ae3-9bc9-0f91c193e04b.pak,1885245
VilsJRavenIIUpdate_abc4123c-f9ec-92d5-8a36-2416d0e189f5.pak,2755985
VilsJRavenUpdate_52fed159-abaf-081b-14e4-ddd252a4a680.pak,6080340
WeaponExpansion_c60718c3-ba22-4702-9c5d-5ad92b41ba5f.pak,160728247
WeightTry2_f9f706bb-39b6-4e9f-a528-e426dca3573b.pak,1151
Winding_road_among_hills_913f95d6-5123-40a1-bd7c-15c531c658c0_6d7b64a0-c067-437d-531e-30973762ef22.pak,13458400
windMill_3246e89a-5344-8fc2-9484-920a28c7da34.pak,41097803
WitchHouse_7feaa54c-37af-50bc-263d-3d6f0a565979.pak,23267260
WMCsCommision_2fbd6992-285b-fa52-168e-ca2a83dc40f1.pak,108873751
YetAnotherTemplates_9e73a642-bf79-4d90-bccc-23fb8e0cb003.pak,6259984
